,name,raw_wp_url
0,https://whitepaper.io/document/0/kava-swap-whitepaper,kava_swap
1,https://whitepaper.io/document/0/iqeon-whitepaper,iqeon
2,https://whitepaper.io/document/160/wagerr-whitepaper,wagerr
3,https://whitepaper.io/document/211/internet-node-token-whitepaper,internet_node_token
4,https://whitepaper.io/document/138/cybervein-whitepaper,cybervein
5,https://whitepaper.io/document/660/attila-whitepaper,attila
6,https://whitepaper.io/document/0/wicrypt-whitepaper,wicrypt
7,https://whitepaper.io/document/0/kampay-whitepaper,kampay
8,https://whitepaper.io/document/0/stakeborg-dao-whitepaper,stakeborg_dao
9,https://whitepaper.io/document/0/webdollar-whitepaper,webdollar
10,https://whitepaper.io/document/342/docademic-whitepaper,docademic
11,https://whitepaper.io/document/0/dentacoin-whitepaper,dentacoin
12,https://whitepaper.io/document/0/gleec-whitepaper,gleec
13,https://whitepaper.io/document/170/hydro-protocol-whitepaper,hydro_protocol
14,https://whitepaper.io/document/347/libra-credit-whitepaper,libra_credit
15,https://whitepaper.io/document/171/gulden-whitepaper,gulden
16,https://whitepaper.io/document/756/ardcoin-whitepaper,ardcoin
17,https://whitepaper.io/document/162/cloakcoin-whitepaper,cloakcoin
18,https://whitepaper.io/document/0/ibstoken-whitepaper,ibstoken
19,https://whitepaper.io/document/59/matrix-ai-network-whitepaper,matrix_ai_network
20,https://whitepaper.io/document/394/project-pai-whitepaper,project_pai
21,https://whitepaper.io/document/0/herocoin-whitepaper,herocoin
22,https://whitepaper.io/document/573/anchor-whitepaper,anchor
23,https://whitepaper.io/document/268/dimecoin-whitepaper,dimecoin
24,https://whitepaper.io/document/301/deeponion-whitepaper,deeponion
25,https://whitepaper.io/document/156/daex-whitepaper,daex
26,https://whitepaper.io/document/569/vidy-whitepaper,vidy
27,https://whitepaper.io/document/0/airight-whitepaper,airight
28,https://whitepaper.io/document/0/don-key-whitepaper,don_key
29,https://whitepaper.io/document/0/florin-whitepaper,florin
30,https://whitepaper.io/document/0/brother-music-platform-whitepaper,brother_music_platform
31,https://whitepaper.io/document/0/epik-protocol-whitepaper,epik_protocol
32,https://whitepaper.io/document/0/isiklar-coin-whitepaper,isiklar_coin
33,https://whitepaper.io/document/412/crypto20-whitepaper,crypto20
34,https://whitepaper.io/document/130/credits-whitepaper,credits
35,https://whitepaper.io/document/219/cpchain-whitepaper,cpchain
36,https://whitepaper.io/document/0/signata-whitepaper,signata
37,https://whitepaper.io/document/94/high-performance-blockchain-whitepaper,high_performance_blockchain
38,https://whitepaper.io/document/105/cindicator-whitepaper,cindicator
39,https://whitepaper.io/document/0/ally-whitepaper,ally
40,https://whitepaper.io/document/567/platincoin-whitepaper,platincoin
41,https://whitepaper.io/document/90/truechain-whitepaper,truechain
42,https://whitepaper.io/document/521/breezecoin-whitepaper,breezecoin
43,https://whitepaper.io/document/555/pillar-whitepaper,pillar
44,https://whitepaper.io/document/0/shirtum-whitepaper,shirtum
45,https://whitepaper.io/document/0/peri-finance-whitepaper,peri_finance
46,https://whitepaper.io/document/0/chronicle-whitepaper,chronicle
47,https://whitepaper.io/document/0/rangers-protocol-whitepaper,rangers_protocol
48,https://whitepaper.io/document/335/carvertical-whitepaper,carvertical
49,https://whitepaper.io/document/0/realfevr-whitepaper,realfevr
50,https://whitepaper.io/document/689/unistake-whitepaper,unistake
51,https://whitepaper.io/document/0/cutcoin-whitepaper,cutcoin
52,https://whitepaper.io/document/0/42-coin-whitepaper,42_coin
53,https://whitepaper.io/document/0/bitcoin-plus-whitepaper,bitcoin_plus
54,https://whitepaper.io/document/514/youchain-whitepaper,youchain
55,https://whitepaper.io/document/292/fortuna-whitepaper,fortuna
56,https://whitepaper.io/document/280/bean-cash-bitbean-whitepaper,bean_cash_bitbean
57,https://whitepaper.io/document/0/drife-whitepaper,drife
58,https://whitepaper.io/document/0/gamespad-whitepaper,gamespad
59,https://whitepaper.io/document/0/integritee-network-whitepaper,integritee_network
60,https://whitepaper.io/document/143/bread-whitepaper,bread
61,https://whitepaper.io/document/128/stakenet-whitepaper,stakenet
62,https://whitepaper.io/document/190/linkeye-whitepaper,linkeye
63,https://whitepaper.io/document/0/loser-coin-whitepaper,loser_coin
64,https://whitepaper.io/document/0/blackhat-whitepaper,blackhat
65,https://whitepaper.io/document/0/baanx-whitepaper,baanx
66,https://whitepaper.io/document/124/htmlcoin-whitepaper,htmlcoin
67,https://whitepaper.io/document/327/blackcoin-whitepaper,blackcoin
68,https://whitepaper.io/document/0/bonuscloud-whitepaper,bonuscloud
69,https://whitepaper.io/document/746/digix-gold-whitepaper,digix_gold
70,https://whitepaper.io/document/0/rigoblock-whitepaper,rigoblock
71,https://whitepaper.io/document/297/hempcoin-whitepaper,hempcoin
72,https://whitepaper.io/document/453/smartcash-whitepaper,smartcash
73,https://whitepaper.io/document/0/bismuth-whitepaper,bismuth
74,https://whitepaper.io/document/549/levolution-whitepaper,levolution
75,https://whitepaper.io/document/0/daostack-whitepaper,daostack
76,https://whitepaper.io/document/136/thekey-whitepaper,thekey
77,https://whitepaper.io/document/223/vibe-whitepaper,vibe
78,https://whitepaper.io/document/544/bitcoinhd-whitepaper,bitcoinhd
79,https://whitepaper.io/document/0/9d-nft-whitepaper,9d_nft
80,https://whitepaper.io/document/0/pawthereum-whitepaper,pawthereum
81,https://whitepaper.io/document/0/woodcoin-whitepaper,woodcoin
82,https://whitepaper.io/document/220/yoyow-whitepaper,yoyow
83,https://whitepaper.io/document/527/playfuel-whitepaper,playfuel
84,https://whitepaper.io/document/448/odyssey-whitepaper,odyssey
85,https://whitepaper.io/document/0/putincoin-whitepaper,putincoin
86,https://whitepaper.io/document/0/humaniq-whitepaper,humaniq
87,https://whitepaper.io/document/250/medicalchain-whitepaper,medicalchain
88,https://whitepaper.io/document/681/umbrella-network-whitepaper,umbrella_network
89,https://whitepaper.io/document/701/dav-coin-whitepaper,dav_coin
90,https://whitepaper.io/document/0/hyve-whitepaper,hyve
91,https://whitepaper.io/document/0/digitalnote-whitepaper,digitalnote
92,https://whitepaper.io/document/0/bollycoin-whitepaper,bollycoin
93,https://whitepaper.io/document/0/hollygold-whitepaper,hollygold
94,https://whitepaper.io/document/0/tenup-whitepaper,tenup
95,https://whitepaper.io/document/126/paypie-whitepaper,paypie
96,https://whitepaper.io/document/466/litex-whitepaper,litex
97,https://whitepaper.io/document/0/flypme-whitepaper,flypme
98,https://whitepaper.io/document/546/liquidapps-whitepaper,liquidapps
99,https://whitepaper.io/document/0/experience-chain-whitepaper,experience_chain
100,https://whitepaper.io/document/706/atlant-whitepaper,atlant
101,https://whitepaper.io/document/0/wall-street-games-whitepaper,wall_street_games
102,https://whitepaper.io/document/0/satt-whitepaper,satt
103,https://whitepaper.io/document/0/paribus-whitepaper,paribus
104,https://whitepaper.io/document/329/dmarket-whitepaper,dmarket
105,https://whitepaper.io/document/528/tap-whitepaper,tap
106,https://whitepaper.io/document/0/polkawar-whitepaper,polkawar
107,https://whitepaper.io/document/253/daps-whitepaper,daps
108,https://whitepaper.io/document/0/w-green-pay-whitepaper,w_green_pay
109,https://whitepaper.io/document/149/data-whitepaper,data
110,https://whitepaper.io/document/0/huobi-pool-token-whitepaper,huobi_pool_token
111,https://whitepaper.io/document/230/oneroot-network-whitepaper,oneroot_network
112,https://whitepaper.io/document/140/swarm-whitepaper,swarm
113,https://whitepaper.io/document/119/medishares-whitepaper,medishares
114,https://whitepaper.io/document/0/hedget-whitepaper,hedget
115,https://whitepaper.io/document/0/lightstreams-whitepaper,lightstreams
116,https://whitepaper.io/document/0/zenfuse-whitepaper,zenfuse
117,https://whitepaper.io/document/0/zclassic-whitepaper,zclassic
118,https://whitepaper.io/document/304/pascal-coin-whitepaper,pascal_coin
119,https://whitepaper.io/document/480/contentbox-whitepaper,contentbox
120,https://whitepaper.io/document/232/primas-whitepaper,primas
121,https://whitepaper.io/document/51/substratum-whitepaper,substratum
122,https://whitepaper.io/document/429/davinci-coin-whitepaper,davinci_coin
123,https://whitepaper.io/document/0/evrynet-whitepaper,evrynet
124,https://whitepaper.io/document/0/dappstore-whitepaper,dappstore
125,https://whitepaper.io/document/471/caspian-whitepaper,caspian
126,https://whitepaper.io/document/0/dose-whitepaper,dose
127,https://whitepaper.io/document/0/apix-whitepaper,apix
128,https://whitepaper.io/document/0/geodb-whitepaper,geodb
129,https://whitepaper.io/document/187/wings-whitepaper,wings
130,https://whitepaper.io/document/202/wepower-whitepaper,wepower
131,https://whitepaper.io/document/163/ost-whitepaper,ost
132,https://whitepaper.io/document/0/dinox-whitepaper,dinox
133,https://whitepaper.io/document/560/atlas-protocol-whitepaper,atlas_protocol
134,https://whitepaper.io/document/109/delphy-whitepaper,delphy
135,https://whitepaper.io/document/0/cryptex-whitepaper,cryptex
136,https://whitepaper.io/document/711/aryacoin-whitepaper,aryacoin
137,https://whitepaper.io/document/323/hydrogen-whitepaper,hydrogen
138,https://whitepaper.io/document/0/autonio-whitepaper,autonio
139,https://whitepaper.io/document/0/atromg8-whitepaper,atromg8
140,https://whitepaper.io/document/676/apy-finance-whitepaper,apy_finance
141,https://whitepaper.io/document/0/tycoon-whitepaper,tycoon
142,https://whitepaper.io/document/243/etherparty-whitepaper,etherparty
143,https://whitepaper.io/document/195/appcoins-whitepaper,appcoins
144,https://whitepaper.io/document/115/bottos-whitepaper,bottos
145,https://whitepaper.io/document/481/realtract-whitepaper,realtract
146,https://whitepaper.io/document/0/pacoca-whitepaper,pacoca
147,https://whitepaper.io/document/258/u-network-whitepaper,u_network
148,https://whitepaper.io/document/0/wolf-safe-poor-people-whitepaper,wolf_safe_poor_people
149,https://whitepaper.io/document/363/acute-angle-cloud-whitepaper,acute_angle_cloud
150,https://whitepaper.io/document/279/blockmason-credit-protocol-whitepaper,blockmason_credit_protocol
151,https://whitepaper.io/document/490/bitcoin-rhodium-whitepaper,bitcoin_rhodium
152,https://whitepaper.io/document/247/bitcoin-green-whitepaper,bitcoin_green
153,https://whitepaper.io/document/185/nanjcoin-whitepaper,nanjcoin
154,https://whitepaper.io/document/285/everex-whitepaper,everex
155,https://whitepaper.io/document/500/playchip-whitepaper,playchip
156,https://whitepaper.io/document/0/equal-whitepaper,equal
157,https://whitepaper.io/document/313/remme-whitepaper,remme
158,https://whitepaper.io/document/0/falcon-project-whitepaper,falcon_project
159,https://whitepaper.io/document/151/ink-whitepaper,ink
160,https://whitepaper.io/document/698/cotrader-whitepaper,cotrader
161,https://whitepaper.io/document/740/prcy-coin-whitepaper,prcy_coin
162,https://whitepaper.io/document/539/gowithmi-whitepaper,gowithmi
163,https://whitepaper.io/document/233/phore-whitepaper,phore
164,https://whitepaper.io/document/0/fantomstarter-whitepaper,fantomstarter
165,https://whitepaper.io/document/0/cyclub-whitepaper,cyclub
166,https://whitepaper.io/document/114/iht-real-estate-protocol-whitepaper,iht_real_estate_protocol
167,https://whitepaper.io/document/572/microbitcoin-whitepaper,microbitcoin
168,https://whitepaper.io/document/427/etherzero-whitepaper,etherzero
169,https://whitepaper.io/document/231/yee-whitepaper,yee
170,https://whitepaper.io/document/204/zeepin-whitepaper,zeepin
171,https://whitepaper.io/document/406/ultrain-whitepaper,ultrain
172,https://whitepaper.io/document/228/qbao-whitepaper,qbao
173,https://whitepaper.io/document/0/buzzcoin-whitepaper,buzzcoin
174,https://whitepaper.io/document/0/odin-protocol-whitepaper,odin_protocol
175,https://whitepaper.io/document/485/wetrust-whitepaper,wetrust
176,https://whitepaper.io/document/0/my-master-war-whitepaper,my_master_war
177,https://whitepaper.io/document/311/stox-whitepaper,stox
178,https://whitepaper.io/document/366/indorse-whitepaper,indorse
179,https://whitepaper.io/document/299/gems-whitepaper,gems
180,https://whitepaper.io/document/0/freicoin-whitepaper,freicoin
181,https://whitepaper.io/document/0/motocoin-whitepaper,motocoin
182,https://whitepaper.io/document/0/4thpillar-technologies-whitepaper,4thpillar_technologies
183,https://whitepaper.io/document/359/shipchain-whitepaper,shipchain
184,https://whitepaper.io/document/63/enigma-whitepaper,enigma
185,https://whitepaper.io/document/191/fuzex-whitepaper,fuzex
186,https://whitepaper.io/document/0/golden-goose-whitepaper,golden_goose
187,https://whitepaper.io/document/554/origo-whitepaper,origo
188,https://whitepaper.io/document/286/energo-whitepaper,energo
189,https://whitepaper.io/document/0/investfeed-whitepaper,investfeed
190,https://whitepaper.io/document/259/zeusshield-whitepaper,zeusshield
191,https://whitepaper.io/document/241/maecenas-whitepaper,maecenas
192,https://whitepaper.io/document/0/graft-whitepaper,graft
193,https://whitepaper.io/document/679/lunchmoney-whitepaper,lunchmoney
194,https://whitepaper.io/document/0/x42-protocol-whitepaper,x42_protocol
195,https://whitepaper.io/document/0/webflix-token-whitepaper,webflix_token
196,https://whitepaper.io/document/541/the-force-protocol-whitepaper,the_force_protocol
197,https://whitepaper.io/document/0/aok-whitepaper,aok
198,https://whitepaper.io/document/0/etna-network-whitepaper,etna_network
199,https://whitepaper.io/document/261/trinity-network-credit-whitepaper,trinity_network_credit
200,https://whitepaper.io/document/0/jade-currency-whitepaper,jade_currency
201,https://whitepaper.io/document/724/shopping-whitepaper,shopping
202,https://whitepaper.io/document/0/tera-whitepaper,tera
203,https://whitepaper.io/document/319/luxcoin-whitepaper,luxcoin
204,https://whitepaper.io/document/0/coldstack-whitepaper,coldstack
205,https://whitepaper.io/document/322/smartshare-whitepaper,smartshare
206,https://whitepaper.io/document/0/shadow-token-whitepaper,shadow_token
207,https://whitepaper.io/document/106/asch-whitepaper,asch
208,https://whitepaper.io/document/0/bata-whitepaper,bata
209,https://whitepaper.io/document/0/stream-protocol-whitepaper,stream_protocol
210,https://whitepaper.io/document/296/shield-1-whitepaper,shield_1
211,https://whitepaper.io/document/0/bunicorn-whitepaper,bunicorn
212,https://whitepaper.io/document/0/uplexa-whitepaper,uplexa
213,https://whitepaper.io/document/0/catex-token-whitepaper,catex_token
214,https://whitepaper.io/document/473/inmax-whitepaper,inmax
215,https://whitepaper.io/document/0/trezarcoin-whitepaper,trezarcoin
216,https://whitepaper.io/document/0/piplcoin-whitepaper,piplcoin
217,https://whitepaper.io/document/0/faceter-whitepaper,faceter
218,https://whitepaper.io/document/274/alphacat-whitepaper,alphacat
219,https://whitepaper.io/document/0/mmocoin-whitepaper,mmocoin
220,https://whitepaper.io/document/0/ancient-kingdom-whitepaper,ancient_kingdom
221,https://whitepaper.io/document/222/lunyr-whitepaper,lunyr
222,https://whitepaper.io/document/571/peos-whitepaper,peos
223,https://whitepaper.io/document/0/vektor-whitepaper,vektor
224,https://whitepaper.io/document/0/sportcash-one-whitepaper,sportcash_one
225,https://whitepaper.io/document/0/meschain-whitepaper,meschain
226,https://whitepaper.io/document/0/bemil-coin-whitepaper,bemil_coin
227,https://whitepaper.io/document/0/aditus-whitepaper,aditus
228,https://whitepaper.io/document/0/uptoken-whitepaper,uptoken
229,https://whitepaper.io/document/0/ritocoin-whitepaper,ritocoin
230,https://whitepaper.io/document/360/rate3-whitepaper,rate3
231,https://whitepaper.io/document/0/ormeus-ecosystem-whitepaper,ormeus_ecosystem
232,https://whitepaper.io/document/436/cosmochain-whitepaper,cosmochain
233,https://whitepaper.io/document/224/decentbet-whitepaper,decentbet
234,https://whitepaper.io/document/0/netrum-whitepaper,netrum
235,https://whitepaper.io/document/0/blockburn-whitepaper,blockburn
236,https://whitepaper.io/document/0/coinalpha-whitepaper,coinalpha
237,https://whitepaper.io/document/0/opal-whitepaper,opal
238,https://whitepaper.io/document/0/shield-protocol-whitepaper,shield_protocol
239,https://whitepaper.io/document/70/mybit-token-whitepaper,mybit_token
240,https://whitepaper.io/document/0/all-best-ico-whitepaper,all_best_ico
241,https://whitepaper.io/document/425/digitex-futures-whitepaper,digitex_futures
242,https://whitepaper.io/document/302/mediccoin-whitepaper,mediccoin
243,https://whitepaper.io/document/0/reward-hunters-token-whitepaper,reward_hunters_token
244,https://whitepaper.io/document/0/arbitragect-whitepaper,arbitragect
245,https://whitepaper.io/document/0/imagecoin-whitepaper,imagecoin
246,https://whitepaper.io/document/266/envion-whitepaper,envion
247,https://whitepaper.io/document/0/arepacoin-whitepaper,arepacoin
248,https://whitepaper.io/document/0/tokenbox-whitepaper,tokenbox
249,https://whitepaper.io/document/332/blocktix-whitepaper,blocktix
250,https://whitepaper.io/document/0/scholarship-coin-whitepaper,scholarship_coin
251,https://whitepaper.io/document/0/dragonvein-whitepaper,dragonvein
252,https://whitepaper.io/document/0/safeinsure-whitepaper,safeinsure
253,https://whitepaper.io/document/0/bsclaunch-whitepaper,bsclaunch
254,https://whitepaper.io/document/0/quantis-network-whitepaper,quantis_network
255,https://whitepaper.io/document/0/scriv-network-whitepaper,scriv_network
256,https://whitepaper.io/document/0/kalata-whitepaper,kalata
257,https://whitepaper.io/document/0/kemacoin-whitepaper,kemacoin
258,https://whitepaper.io/document/0/draftcoin-whitepaper,draftcoin
259,https://whitepaper.io/document/104/paypex-whitepaper,paypex
260,https://whitepaper.io/document/65/sweetbridge-whitepaper,sweetbridge
261,https://whitepaper.io/document/0/dynamite-whitepaper,dynamite
262,https://whitepaper.io/document/0/safecapital-whitepaper,safecapital
263,https://whitepaper.io/document/0/sf-capital-whitepaper,sf_capital
264,https://whitepaper.io/document/0/the-currency-analytics-whitepaper,the_currency_analytics
265,https://whitepaper.io/document/399/entercoin-whitepaper,entercoin
266,https://whitepaper.io/document/0/crdt-whitepaper,crdt
267,https://whitepaper.io/document/0/ponzicoin-whitepaper,ponzicoin
268,https://whitepaper.io/document/0/ziktalk-whitepaper,ziktalk
269,https://whitepaper.io/document/668/idea-chain-coin-whitepaper,idea_chain_coin
270,https://whitepaper.io/document/0/hupayx-whitepaper,hupayx
271,https://whitepaper.io/document/0/888tron-whitepaper,888tron
272,https://whitepaper.io/document/0/bitopro-exchange-token-whitepaper,bitopro_exchange_token
273,https://whitepaper.io/document/0/intexcoin-whitepaper,intexcoin
274,https://whitepaper.io/document/215/ecc-whitepaper,ecc
275,https://whitepaper.io/document/356/aeron-whitepaper,aeron
276,https://whitepaper.io/document/0/cometh-whitepaper,cometh
277,https://whitepaper.io/document/325/blockport-whitepaper,blockport
278,https://whitepaper.io/document/0/pollux-coin-whitepaper,pollux_coin
279,https://whitepaper.io/document/760/crust-whitepaper,crust
280,https://whitepaper.io/document/770/gbex-whitepaper,gbex
281,https://whitepaper.io/document/504/silverway-whitepaper,silverway
282,https://whitepaper.io/document/0/coral-swap-whitepaper,coral_swap
283,https://whitepaper.io/document/568/exmr-fdn-whitepaper,exmr_fdn
284,https://whitepaper.io/document/506/kickico-whitepaper,kickico
285,https://whitepaper.io/document/164/lgo-exchange-whitepaper,lgo_exchange
286,https://whitepaper.io/document/0/verox-whitepaper,verox
287,https://whitepaper.io/document/284/polybius-whitepaper,polybius
288,https://whitepaper.io/document/205/tierion-whitepaper,tierion
289,https://whitepaper.io/document/0/dequant-whitepaper,dequant
290,https://whitepaper.io/document/768/eron-project-whitepaper,eron_project
291,https://whitepaper.io/document/344/locktrip-whitepaper,locktrip
292,https://whitepaper.io/document/650/alpha-finance-lab-whitepaper,alpha_finance_lab
293,https://whitepaper.io/document/461/botxcoin-whitepaper,botxcoin
294,https://whitepaper.io/document/0/funder-one-capital-whitepaper,funder_one_capital
295,https://whitepaper.io/document/216/decent-whitepaper,decent
296,https://whitepaper.io/document/240/bodhi-whitepaper,bodhi
297,https://whitepaper.io/document/0/bitonyx-whitepaper,bitonyx
298,https://whitepaper.io/document/226/experience-points-whitepaper,experience_points
299,https://whitepaper.io/document/0/bittoken-whitepaper,bittoken
300,https://whitepaper.io/document/705/beeswap-whitepaper,beeswap
301,https://whitepaper.io/document/499/edc-blockchain-whitepaper,edc_blockchain
302,https://whitepaper.io/document/548/npcoin-whitepaper,npcoin
303,https://whitepaper.io/document/734/bitpanda-ecosystem-token-whitepaper,bitpanda_ecosystem_token
304,https://whitepaper.io/document/273/chronobank-whitepaper,chronobank
305,https://whitepaper.io/document/743/jointer-whitepaper,jointer
306,https://whitepaper.io/document/0/nodestats-whitepaper,nodestats
307,https://whitepaper.io/document/559/certified-diamond-coin-whitepaper,certified_diamond_coin
308,https://whitepaper.io/document/249/mothership-whitepaper,mothership
309,https://whitepaper.io/document/410/ecoreal-estate-whitepaper,ecoreal_estate
310,https://whitepaper.io/document/703/hintchain-whitepaper,hintchain
311,https://whitepaper.io/document/0/compound-usdt-whitepaper,compound_usdt
312,https://whitepaper.io/document/702/coinflex-whitepaper,coinflex
313,https://whitepaper.io/document/452/veriblock-whitepaper,veriblock
314,https://whitepaper.io/document/723/chain-games-whitepaper,chain_games
315,https://whitepaper.io/document/142/eximchain-whitepaper,eximchain
316,https://whitepaper.io/document/761/asia-coin-whitepaper,asia_coin
317,https://whitepaper.io/document/0/aquari-whitepaper,aquari
318,https://whitepaper.io/document/778/blx-whitepaper,blx
319,https://whitepaper.io/document/472/etheroll-whitepaper,etheroll
320,https://whitepaper.io/document/0/test-whitepaper,test
321,https://whitepaper.io/document/584/flexacoin-whitepaper,flexacoin
322,https://whitepaper.io/document/306/olympus-labs-whitepaper,olympus_labs
323,https://whitepaper.io/document/752/hellenic-coin-whitepaper,hellenic_coin
324,https://whitepaper.io/document/0/compound-basic-attention-token-whitepaper,compound_basic_attention_token
325,https://whitepaper.io/document/0/sorachancoin-whitepaper,sorachancoin
326,https://whitepaper.io/document/0/tgold-whitepaper,tgold
327,https://whitepaper.io/document/0/wibx-whitepaper,wibx
328,https://whitepaper.io/document/0/counos-x-whitepaper,counos_x
329,https://whitepaper.io/document/0/kepler-network-whitepaper,kepler_network
330,https://whitepaper.io/document/0/joys-digital-whitepaper,joys_digital
331,https://whitepaper.io/document/0/arcs-whitepaper,arcs
332,https://whitepaper.io/document/0/tourismx-token-whitepaper,tourismx_token
333,https://whitepaper.io/document/0/trice-whitepaper,trice
334,https://whitepaper.io/document/0/x7-coin-whitepaper,x7_coin
335,https://whitepaper.io/document/0/solbit-whitepaper,solbit
336,https://whitepaper.io/document/0/aces-whitepaper,aces
337,https://whitepaper.io/document/516/mindol-whitepaper,mindol
338,https://whitepaper.io/document/0/alias-whitepaper,alias
339,https://whitepaper.io/document/0/tidex-token-whitepaper,tidex_token
340,https://whitepaper.io/document/435/ttc-protocol-whitepaper,ttc_protocol
341,https://whitepaper.io/document/0/mytoken-whitepaper,mytoken
342,https://whitepaper.io/document/464/free-coin-whitepaper,free_coin
343,https://whitepaper.io/document/199/ins-ecosystem-whitepaper,ins_ecosystem
344,https://whitepaper.io/document/251/horizon-state-whitepaper,horizon_state
345,https://whitepaper.io/document/0/insureum-whitepaper,insureum
346,https://whitepaper.io/document/0/ethereum-meta-whitepaper,ethereum_meta
347,https://whitepaper.io/document/282/darcrus-whitepaper,darcrus
348,https://whitepaper.io/document/0/earneo-whitepaper,earneo
349,https://whitepaper.io/document/0/pibble-whitepaper,pibble
350,https://whitepaper.io/document/0/flits-whitepaper,flits
351,https://whitepaper.io/document/699/axion-whitepaper,axion
352,https://whitepaper.io/document/0/inlock-whitepaper,inlock
353,https://whitepaper.io/document/383/maximine-coin-whitepaper,maximine_coin
354,https://whitepaper.io/document/0/compound-usd-coin-whitepaper,compound_usd_coin
355,https://whitepaper.io/document/0/bizzcoin-whitepaper,bizzcoin
356,https://whitepaper.io/document/0/crypto-holding-frank-token-whitepaper,crypto_holding_frank_token
357,https://whitepaper.io/document/0/compound-0x-whitepaper,compound_0x
358,https://whitepaper.io/document/0/itam-games-whitepaper,itam_games
359,https://whitepaper.io/document/270/casinocoin-whitepaper,casinocoin
360,https://whitepaper.io/document/0/ultralpha-whitepaper,ultralpha
361,https://whitepaper.io/document/0/codex-whitepaper,codex
362,https://whitepaper.io/document/0/medicalveda-whitepaper,medicalveda
363,https://whitepaper.io/document/0/bincentive-whitepaper,bincentive
364,https://whitepaper.io/document/0/tilwiki-whitepaper,tilwiki
365,https://whitepaper.io/document/0/idk-whitepaper,idk
366,https://whitepaper.io/document/0/skillchain-whitepaper,skillchain
367,https://whitepaper.io/document/0/varc-whitepaper,varc
368,https://whitepaper.io/document/0/blocknotex-whitepaper,blocknotex
369,https://whitepaper.io/document/0/south-african-tether-whitepaper,south_african_tether
370,https://whitepaper.io/document/0/esr-coin-whitepaper,esr_coin
371,https://whitepaper.io/document/0/etho-protocol-whitepaper,etho_protocol
372,https://whitepaper.io/document/0/tratok-whitepaper,tratok
373,https://whitepaper.io/document/0/frogex-whitepaper,frogex
374,https://whitepaper.io/document/0/dapp-token-whitepaper,dapp_token
375,https://whitepaper.io/document/0/whole-network-whitepaper,whole_network
376,https://whitepaper.io/document/0/bankroll-network-whitepaper,bankroll_network
377,https://whitepaper.io/document/257/ixledger-whitepaper,ixledger
